"Designator","Val","Package","Mid X","Mid Y","Rotation","Layer"
"C1","1uF","C_0402_1005Metric","233.145000","-36.000000","0.000000","bottom"
"C2","1uF","C_0402_1005Metric","237.800501","-28.419499","0.000000","bottom"
"C3","1uF","C_0402_1005Metric","229.445000","-47.700000","180.000000","bottom"
"C4","1uF","C_0402_1005Metric","235.945000","-45.800000","90.000000","bottom"
"C5","100nF","C_0402_1005Metric","236.640000","-32.950000","0.000000","bottom"
"C6","100nF","C_0402_1005Metric","203.032500","-44.100000","0.000000","bottom"
"C7","100nF","C_0402_1005Metric","174.457500","-44.100000","0.000000","bottom"
"C8","100nF","C_0402_1005Metric","145.882500","-44.100000","0.000000","bottom"
"C9","100nF","C_0402_1005Metric","117.307502","-44.060000","0.000000","bottom"
"C10","1uF","C_0402_1005Metric","225.250000","-37.350000","0.000000","bottom"
"C11","100nF","C_0402_1005Metric","88.732501","-44.039999","0.000000","bottom"
"C12","100nF","C_0402_1005Metric","60.157501","-44.019999","0.000000","bottom"
"C13","100nF","C_0402_1005Metric","31.622501","-44.119999","0.000000","bottom"
"C14","100nF","C_0402_1005Metric","233.632502","-51.019999","0.000000","bottom"
"C15","100nF","C_0402_1005Metric","260.182500","-44.229999","0.000000","bottom"
"C16","100nF","C_0402_1005Metric","313.000000","-44.220000","0.000000","bottom"
"C17","100nF","C_0402_1005Metric","355.070000","-44.170000","0.000000","bottom"
"D1","d_esc","D_SOD-123","39.224999","-32.725000","0.000000","bottom"
"D2","d_tilde","D_SOD-123","39.224999","-58.124999","0.000000","bottom"
"D3","d_leftcontrol","D_SOD-123","41.606250","-134.325000","0.000000","bottom"
"D4","d_tab","D_SOD-123","43.987500","-77.174999","0.000000","bottom"
"D5","d_capslock","D_SOD-123","46.368750","-96.225000","0.000000","bottom"
"D6","d_leftshift","D_SOD-123","51.131250","-115.275000","0.000000","bottom"
"D7","d_1","D_SOD-123","58.275000","-58.124999","0.000000","bottom"
"D8","d_fn","D_SOD-123","65.418749","-134.325000","0.000000","bottom"
"D9","d_q","D_SOD-123","67.800000","-77.174999","0.000000","bottom"
"D10","d_a","D_SOD-123","72.562500","-96.225000","0.000000","bottom"
"D11","d_f1","D_SOD-123","77.324999","-32.725000","0.000000","bottom"
"D12","d_2","D_SOD-123","77.324999","-58.124999","0.000000","bottom"
"D13","d_z","D_SOD-123","82.087500","-115.275000","0.000000","bottom"
"D14","d_w","D_SOD-123","86.850000","-77.174999","0.000000","bottom"
"D15","d_alt","D_SOD-123","89.231249","-134.325000","0.000000","bottom"
"D16","d_s","D_SOD-123","91.612500","-96.225000","0.000000","bottom"
"D17","d_f2","D_SOD-123","96.375000","-32.725000","0.000000","bottom"
"D18","d_3","D_SOD-123","96.375000","-58.124999","0.000000","bottom"
"D19","d_x","D_SOD-123","101.137499","-115.275000","0.000000","bottom"
"D20","d_e","D_SOD-123","105.900000","-77.174999","0.000000","bottom"
"D21","d_d","D_SOD-123","110.662500","-96.225000","0.000000","bottom"
"D22","d_f3","D_SOD-123","115.425000","-32.725000","0.000000","bottom"
"D23","d_4","D_SOD-123","115.425000","-58.124999","0.000000","bottom"
"D24","d_c","D_SOD-123","120.187500","-115.275000","0.000000","bottom"
"D25","d_r","D_SOD-123","124.949999","-77.174999","0.000000","bottom"
"D26","d_f","D_SOD-123","129.712500","-96.225000","0.000000","bottom"
"D27","d_f4","D_SOD-123","134.475000","-32.725000","0.000000","bottom"
"D28","d_5","D_SOD-123","134.475000","-58.124999","0.000000","bottom"
"D29","d_v","D_SOD-123","139.237500","-115.275000","0.000000","bottom"
"D30","d_t","D_SOD-123","144.000000","-77.174999","0.000000","bottom"
"D31","d_g","D_SOD-123","148.762500","-96.225000","0.000000","bottom"
"D32","d_6","D_SOD-123","153.525000","-58.124999","0.000000","bottom"
"D33","d_b","D_SOD-123","158.287500","-115.275000","0.000000","bottom"
"D34","d_space","D_SOD-123","160.668750","-134.325000","0.000000","bottom"
"D35","d_f5","D_SOD-123","163.050000","-32.725000","0.000000","bottom"
"D36","d_y","D_SOD-123","163.050000","-77.174999","0.000000","bottom"
"D37","d_h","D_SOD-123","167.812500","-96.225000","0.000000","bottom"
"D38","d_7","D_SOD-123","172.575000","-58.124999","0.000000","bottom"
"D39","d_n","D_SOD-123","177.337500","-115.275000","0.000000","bottom"
"D40","d_f6","D_SOD-123","182.100000","-32.725000","0.000000","bottom"
"D41","d_u","D_SOD-123","182.100000","-77.174999","0.000000","bottom"
"D42","d_j","D_SOD-123","186.862500","-96.225000","0.000000","bottom"
"D43","d_8","D_SOD-123","191.625000","-58.124999","0.000000","bottom"
"D44","d_m","D_SOD-123","196.387500","-115.275000","0.000000","bottom"
"D45","d_f7","D_SOD-123","201.150000","-32.725000","0.000000","bottom"
"D46","d_i","D_SOD-123","201.150000","-77.174999","0.000000","bottom"
"D47","d_k","D_SOD-123","205.912500","-96.225000","0.000000","bottom"
"D48","d_9","D_SOD-123","210.675000","-58.124999","0.000000","bottom"
"D49","d_comma","D_SOD-123","215.437500","-115.275000","0.000000","bottom"
"D50","d_f8","D_SOD-123","220.200000","-32.725000","0.000000","bottom"
"D51","d_o","D_SOD-123","220.200000","-77.174999","0.000000","bottom"
"D52","d_l","D_SOD-123","224.962500","-96.225000","0.000000","bottom"
"D53","d_0","D_SOD-123","229.725000","-58.124999","0.000000","bottom"
"D54","d_altgr","D_SOD-123","232.106250","-134.325000","0.000000","bottom"
"D55","d_dot","D_SOD-123","234.487500","-115.275000","0.000000","bottom"
"D56","d_p","D_SOD-123","239.250000","-77.174999","0.000000","bottom"
"D57","d_semicolon","D_SOD-123","244.012500","-96.225000","0.000000","bottom"
"D58","d_f9","D_SOD-123","248.775000","-32.725000","0.000000","bottom"
"D59","d_minus","D_SOD-123","248.775000","-58.124999","0.000000","bottom"
"D60","d_slash","D_SOD-123","253.537500","-115.275000","0.000000","bottom"
"D61","d_win","D_SOD-123","255.918750","-134.325000","0.000000","bottom"
"D62","d_openbracket","D_SOD-123","258.300000","-77.174999","0.000000","bottom"
"D63","d_quote","D_SOD-123","263.062500","-96.225000","0.000000","bottom"
"D64","d_f10","D_SOD-123","267.825000","-32.725000","0.000000","bottom"
"D65","d_equals","D_SOD-123","267.825000","-58.124999","0.000000","bottom"
"D66","d_closebracket","D_SOD-123","277.350000","-77.174999","0.000000","bottom"
"D67","d_menu","D_SOD-123","279.731250","-134.325000","0.000000","bottom"
"D68","d_f11","D_SOD-123","286.875000","-32.725000","0.000000","bottom"
"D69","d_rightshift","D_SOD-123","289.256250","-115.275000","0.000000","bottom"
"D70","d_enter","D_SOD-123","294.018750","-96.225000","0.000000","bottom"
"D71","d_backspace","D_SOD-123","296.400000","-58.124999","0.000000","bottom"
"D72","d_backslash","D_SOD-123","301.162500","-77.174999","0.000000","bottom"
"D73","d_rightcontrol","D_SOD-123","303.543750","-134.325000","0.000000","bottom"
"D74","d_f12","D_SOD-123","305.925000","-32.725000","0.000000","bottom"
"D75","d_printscreen","D_SOD-123","334.500000","-32.725000","0.000000","bottom"
"D76","d_insert","D_SOD-123","334.500000","-58.124999","0.000000","bottom"
"D77","d_delete","D_SOD-123","334.500000","-77.174999","0.000000","bottom"
"D78","d_left","D_SOD-123","334.500000","-134.325000","0.000000","bottom"
"D79","d_scrollock","D_SOD-123","353.550000","-32.725000","0.000000","bottom"
"D80","d_home","D_SOD-123","353.550000","-58.124999","0.000000","bottom"
"D81","d_end","D_SOD-123","353.550000","-77.174999","0.000000","bottom"
"D82","d_up","D_SOD-123","353.550000","-115.275000","0.000000","bottom"
"D83","d_down","D_SOD-123","353.550000","-134.325000","0.000000","bottom"
"D84","d_pause","D_SOD-123","372.600000","-32.725000","0.000000","bottom"
"D85","d_pageup","D_SOD-123","372.600000","-58.124999","0.000000","bottom"
"D86","d_pagedown","D_SOD-123","372.600000","-77.174999","0.000000","bottom"
"D87","d_right","D_SOD-123","372.600000","-134.325000","0.000000","bottom"
"J1","USB_C_Receptacle_USB2.0","USB_C_Receptacle_HRO_TYPE-C-31-M-12","230.113000","-27.290000","180.000000","bottom"
"R1","100k","R_0402_1005Metric","237.745000","-42.300000","0.000000","bottom"
"R2","5k1","R_0402_1005Metric","227.600000","-32.200000","90.000000","bottom"
"R3","5k1","R_0402_1005Metric","233.000000","-32.000000","0.000000","bottom"
"R4","100k","R_0402_1005Metric","229.445000","-48.770000","180.000000","bottom"
"R5","REXT_0","R_0402_1005Metric","200.800000","-45.300000","0.000000","bottom"
"R6","REXT_1","R_0402_1005Metric","172.225000","-45.300000","0.000000","bottom"
"R7","REXT_2","R_0402_1005Metric","143.649998","-45.320000","0.000000","bottom"
"R8","REXT_3","R_0402_1005Metric","115.075000","-45.300000","0.000000","bottom"
"R9","REXT_4","R_0402_1005Metric","86.500000","-45.300000","0.000000","bottom"
"R10","REXT_5","R_0402_1005Metric","57.925000","-45.300000","0.000000","bottom"
"R11","REXT_6","R_0402_1005Metric","29.350000","-45.300000","0.000000","bottom"
"R12","REXT_7","R_0402_1005Metric","231.360000","-52.220000","0.000000","bottom"
"R13","REXT_8","R_0402_1005Metric","258.780000","-45.690000","90.000000","bottom"
"R14","REXT_9","R_0402_1005Metric","311.460000","-44.730000","90.000000","bottom"
"R15","REXT_10","R_0402_1005Metric","354.100000","-45.870000","90.000000","bottom"
"SW88","SW_SPST","SW_Push_1P1T_NO_CK_KMR2","238.545000","-45.700000","90.000000","bottom"
"U1","USBLC6-2SC6","SOT-23-6","230.132500","-33.650000","180.000000","bottom"
"U2","STM32F072C8Tx","LQFP-48_7x7mm_P0.5mm","230.182500","-41.850000","0.000000","bottom"
"U3","AP2112K-3.3","SOT-23-5","237.800501","-30.719499","90.000000","bottom"
"U4","TLC5916_0","TSSOP-16_4.4x5mm_P0.65mm","206.375000","-47.625000","-90.000000","bottom"
"U5","TLC5916_1","TSSOP-16_4.4x5mm_P0.65mm","177.800000","-47.625000","-90.000000","bottom"
"U6","TLC5916_2","TSSOP-16_4.4x5mm_P0.65mm","149.225000","-47.625000","-90.000000","bottom"
"U7","TLC5916_3","TSSOP-16_4.4x5mm_P0.65mm","120.650000","-47.625000","-90.000000","bottom"
"U8","TLC5916_4","TSSOP-16_4.4x5mm_P0.65mm","92.075000","-47.625000","-90.000000","bottom"
"U9","TLC5916_5","TSSOP-16_4.4x5mm_P0.65mm","63.500000","-47.625000","-90.000000","bottom"
"U10","TLC5916_6","TSSOP-16_4.4x5mm_P0.65mm","34.925000","-47.625000","-90.000000","bottom"
"U11","TLC5916_7","TSSOP-16_4.4x5mm_P0.65mm","236.982000","-54.229000","-90.000000","bottom"
"U12","TLC5916_8","TSSOP-16_4.4x5mm_P0.65mm","263.525000","-47.625000","-90.000000","bottom"
"U13","TLC5916_9","TSSOP-16_4.4x5mm_P0.65mm","315.976000","-47.625000","-90.000000","bottom"
"U14","TLC5916_10","TSSOP-16_4.4x5mm_P0.65mm","358.775000","-47.625000","-90.000000","bottom"
